hero_id,author,chemical,strain,sex,route,dose,dose_units,time,time_units,conc_mean,conc_units,train
2919359,Lou,PFOA,CD1,Female,oral,1,mg/kg,5.600806683,hours,5.331982508,mg/L,1
2919359,Lou,PFOA,CD1,Female,oral,1,mg/kg,12.68540917,hours,8.707767828,mg/L,1
2919359,Lou,PFOA,CD1,Female,oral,1,mg/kg,22.61221206,hours,7.990959562,mg/L,1
2919359,Lou,PFOA,CD1,Female,oral,1,mg/kg,72.53880596,hours,7.331359345,mg/L,1
2919359,Lou,PFOA,CD1,Female,oral,1,mg/kg,149.1110287,hours,6.562166945,mg/L,1
2919359,Lou,PFOA,CD1,Female,oral,1,mg/kg,215.5056661,hours,4.768660718,mg/L,1
2919359,Lou,PFOA,CD1,Female,oral,1,mg/kg,315.3902017,hours,4.164331201,mg/L,1
2919359,Lou,PFOA,CD1,Female,oral,1,mg/kg,485.2952701,hours,3.725284875,mg/L,1
2919359,Lou,PFOA,CD1,Female,oral,1,mg/kg,644.9182606,hours,2.393321967,mg/L,1
2919359,Lou,PFOA,CD1,Female,oral,1,mg/kg,818.1566449,hours,2.140949763,mg/L,1
2919359,Lou,PFOA,CD1,Female,oral,1,mg/kg,1010.987403,hours,1.186994171,mg/L,1
2919359,Lou,PFOA,CD1,Female,oral,1,mg/kg,1147.433921,hours,0.91672867,mg/L,1
2919359,Lou,PFOA,CD1,Female,oral,1,mg/kg,1313.880283,hours,0.707869423,mg/L,1
2919359,Lou,PFOA,CD1,Female,oral,1,mg/kg,1487.055971,hours,0.588305788,mg/L,1
2919359,Lou,PFOA,CD1,Female,oral,1,mg/kg,1680.095715,hours,0.416834033,mg/L,1
2919359,Lou,PFOA,CD1,Female,oral,10,mg/kg,7.753355521,hours,66.68428335,mg/L,1
2919359,Lou,PFOA,CD1,Female,oral,10,mg/kg,7.951891578,hours,84.18128102,mg/L,1
2919359,Lou,PFOA,CD1,Female,oral,10,mg/kg,14.72301608,hours,95.16050691,mg/L,1
2919359,Lou,PFOA,CD1,Female,oral,10,mg/kg,31.11791474,hours,69.17338742,mg/L,1
2919359,Lou,PFOA,CD1,Female,oral,10,mg/kg,77.60670007,hours,56.14027355,mg/L,1
2919359,Lou,PFOA,CD1,Female,oral,10,mg/kg,150.5739259,hours,36.53194947,mg/L,1
2919359,Lou,PFOA,CD1,Female,oral,10,mg/kg,220.5422124,hours,35.19725147,mg/L,1
2919359,Lou,PFOA,CD1,Female,oral,10,mg/kg,320.6357334,hours,39.28036627,mg/L,1
2919359,Lou,PFOA,CD1,Female,oral,10,mg/kg,483.4875471,hours,22.32283353,mg/L,1
2919359,Lou,PFOA,CD1,Female,oral,10,mg/kg,656.7990763,hours,21.75885054,mg/L,1
2919359,Lou,PFOA,CD1,Female,oral,10,mg/kg,820.0897592,hours,20.69652407,mg/L,1
2919359,Lou,PFOA,CD1,Female,oral,10,mg/kg,1013.1713,hours,15.40143011,mg/L,1
2919359,Lou,PFOA,CD1,Female,oral,10,mg/kg,1156.368044,hours,13.1202678,mg/L,1
2919359,Lou,PFOA,CD1,Female,oral,10,mg/kg,1323.075637,hours,13.76583193,mg/L,1
2919359,Lou,PFOA,CD1,Female,oral,10,mg/kg,1485.551277,hours,5.03088007,mg/L,1
2919359,Lou,PFOA,CD1,Female,oral,10,mg/kg,1682.31096,hours,5.611168672,mg/L,1
2919359,Lou,PFOA,CD1,Female,oral,10,mg/kg,1914.953422,hours,2.494151158,mg/L,1
2919359,Lou,PFOA,CD1,Female,oral,60,mg/kg,15.44401544,hours,221.7908557,mg/L,1
2919359,Lou,PFOA,CD1,Female,oral,60,mg/kg,18.66238943,hours,193.798269,mg/L,1
2919359,Lou,PFOA,CD1,Female,oral,60,mg/kg,18.52654897,hours,165.2392569,mg/L,1
2919359,Lou,PFOA,CD1,Female,oral,60,mg/kg,34.93189691,hours,121.5965987,mg/L,1
2919359,Lou,PFOA,CD1,Female,oral,60,mg/kg,41.37909415,hours,93.98527963,mg/L,1
2919359,Lou,PFOA,CD1,Female,oral,60,mg/kg,61.3058448,hours,86.24328696,mg/L,1
2919359,Lou,PFOA,CD1,Female,oral,60,mg/kg,100.9921578,hours,59.68179461,mg/L,1
2919359,Lou,PFOA,CD1,Female,oral,60,mg/kg,147.6272329,hours,57.5095424,mg/L,1
2919359,Lou,PFOA,CD1,Female,oral,60,mg/kg,197.3552907,hours,41.79587713,mg/L,1
2919359,Lou,PFOA,CD1,Female,oral,60,mg/kg,267.7310986,hours,64.96498278,mg/L,1
2919359,Lou,PFOA,CD1,Female,oral,60,mg/kg,343.8435536,hours,33.90022884,mg/L,1
2919359,Lou,PFOA,CD1,Female,oral,60,mg/kg,510.1436252,hours,22.04714771,mg/L,1
2919359,Lou,PFOA,CD1,Female,oral,60,mg/kg,673.5596993,hours,24.29543275,mg/L,1
2919359,Lou,PFOA,CD1,Female,oral,60,mg/kg,13.76583193,hours,13.76583193,mg/L,1
2919359,Lou,PFOA,CD1,Female,oral,60,mg/kg,5.03088007,hours,5.03088007,mg/L,1
2919359,Lou,PFOA,CD1,Female,oral,60,mg/kg,5.611168672,hours,5.611168672,mg/L,1
2919359,Lou,PFOA,CD1,Female,oral,60,mg/kg,2.494151158,hours,2.494151158,mg/L,1
NA,Kemper,PFOA,rat,Male,oral,0.1,mg/kg,0.236120845,hours,0.294460163,mg/L,1
NA,Kemper,PFOA,rat,Male,oral,0.1,mg/kg,0.469506697,hours,0.313022259,mg/L,1
NA,Kemper,PFOA,rat,Male,oral,0.1,mg/kg,0.982963323,hours,0.565213322,mg/L,1
NA,Kemper,PFOA,rat,Male,oral,0.1,mg/kg,1.921242077,hours,0.751806705,mg/L,1
NA,Kemper,PFOA,rat,Male,oral,0.1,mg/kg,3.953802078,hours,0.553812599,mg/L,1
NA,Kemper,PFOA,rat,Male,oral,0.1,mg/kg,7.86180718,hours,0.565213322,mg/L,1
NA,Kemper,PFOA,rat,Male,oral,0.1,mg/kg,11.87481536,hours,0.613211964,mg/L,1
NA,Kemper,PFOA,rat,Male,oral,0.1,mg/kg,15.63255088,hours,0.613211964,mg/L,1
NA,Kemper,PFOA,rat,Male,oral,0.1,mg/kg,23.61208448,hours,0.531696396,mg/L,1
NA,Kemper,PFOA,rat,Male,oral,0.1,mg/kg,35.05711065,hours,0.376028913,mg/L,1
NA,Kemper,PFOA,rat,Male,oral,0.1,mg/kg,46.95066966,hours,0.424931165,mg/L,1
NA,Kemper,PFOA,rat,Male,oral,0.1,mg/kg,69.70815402,hours,0.361012404,mg/L,1
NA,Kemper,PFOA,rat,Male,oral,0.1,mg/kg,91.76700696,hours,0.353730548,mg/L,1
NA,Kemper,PFOA,rat,Male,oral,0.1,mg/kg,116.7250797,hours,0.346595571,mg/L,1
NA,Kemper,PFOA,rat,Male,oral,0.1,mg/kg,136.2474423,hours,0.294460163,mg/L,1
NA,Kemper,PFOA,rat,Male,oral,0.1,mg/kg,161.7913221,hours,0.332754467,mg/L,1
NA,Kemper,PFOA,rat,Male,oral,0.1,mg/kg,185.6336553,hours,0.265936997,mg/L,1
NA,Kemper,PFOA,rat,Male,oral,0.1,mg/kg,232.0981302,hours,0.230585428,mg/L,1
NA,Kemper,PFOA,rat,Male,oral,0.1,mg/kg,275.6122442,hours,0.212536551,mg/L,1
NA,Kemper,PFOA,rat,Male,oral,0.1,mg/kg,332.9569309,hours,0.169858974,mg/L,1
NA,Kemper,PFOA,rat,Male,oral,0.1,mg/kg,356.6471895,hours,0.153405421,mg/L,1
NA,Kemper,PFOA,rat,Male,oral,0.1,mg/kg,409.2044034,hours,0.138545658,mg/L,1
NA,Kemper,PFOA,rat,Male,oral,0.1,mg/kg,438.3197551,hours,0.113004918,mg/L,1
NA,Kemper,PFOA,rat,Male,oral,0.1,mg/kg,511.6290834,hours,0.092172586,mg/L,1
NA,Kemper,PFOA,rat,Male,oral,0.1,mg/kg,529.5178406,hours,0.102058588,mg/L,1
NA,Kemper,PFOA,rat,Male,oral,0.1,mg/kg,577.0242031,hours,0.115331224,mg/L,1
NA,Kemper,PFOA,rat,Male,oral,0.1,mg/kg,639.6908655,hours,0.11770542,mg/L,1
NA,Kemper,PFOA,rat,Male,oral,0.1,mg/kg,685.2055871,hours,0.079919888,mg/L,1
NA,Kemper,PFOA,rat,Male,oral,0.1,mg/kg,759.6210918,hours,0.069295968,mg/L,1
NA,Kemper,PFOA,rat,Male,oral,0.1,mg/kg,842.1183567,hours,0.05316964,mg/L,1
NA,Kemper,PFOA,rat,Male,oral,0.1,mg/kg,933.5750869,hours,0.042493117,mg/L,1
NA,Kemper,PFOA,rat,Male,oral,0.1,mg/kg,917.6700696,hours,0.036844416,mg/L,1
NA,Kemper,PFOA,rat,Male,oral,0.1,mg/kg,966.2168943,hours,0.0265937,mg/L,1
NA,Kemper,PFOA,rat,Male,oral,0.1,mg/kg,1089.716264,hours,0.023533223,mg/L,1
NA,Kemper,PFOA,rat,Male,oral,0.1,mg/kg,1339.262386,hours,0.03194661,mg/L,1
NA,Kemper,PFOA,rat,Male,oral,0.1,mg/kg,1410.112399,hours,0.020404902,mg/L,1
NA,Kemper,PFOA,rat,Male,oral,0.1,mg/kg,1617.913221,hours,0.017335567,mg/L,1
NA,Kemper,PFOA,rat,Male,oral,0.1,mg/kg,1459.416004,hours,0.013301291,mg/L,1
NA,Kemper,PFOA,rat,Male,oral,0.1,mg/kg,1645.954822,hours,0.012770112,mg/L,1
NA,Kemper,PFOA,rat,Male,oral,0.1,mg/kg,1733.029559,hours,0.011072554,mg/L,1
NA,Kemper,PFOA,rat,Male,oral,0.1,mg/kg,1793.623739,hours,0.00903134,mg/L,1
NA,Kemper,PFOA,rat,Male,oral,0.1,mg/kg,1888.510496,hours,0.006518674,mg/L,1
NA,Kemper,PFOA,rat,Male,oral,1,mg/kg,0.244376647,hours,2.769987926,mg/L,1
NA,Kemper,PFOA,rat,Male,oral,1,mg/kg,0.485922674,hours,3.837698006,mg/L,1
NA,Kemper,PFOA,rat,Male,oral,1,mg/kg,0.966216894,hours,4.336787491,mg/L,1
NA,Kemper,PFOA,rat,Male,oral,1,mg/kg,1.888510496,hours,11.53312244,mg/L,1
NA,Kemper,PFOA,rat,Male,oral,1,mg/kg,4.022329202,hours,11.53312244,mg/L,1
NA,Kemper,PFOA,rat,Male,oral,1,mg/kg,7.596210918,hours,12.77011153,mg/L,1
NA,Kemper,PFOA,rat,Male,oral,1,mg/kg,11.87481536,hours,12.51253003,mg/L,1
NA,Kemper,PFOA,rat,Male,oral,1,mg/kg,15.36622416,hours,12.26014411,mg/L,1
NA,Kemper,PFOA,rat,Male,oral,1,mg/kg,23.61208448,hours,10.63037714,mg/L,1
NA,Kemper,PFOA,rat,Male,oral,1,mg/kg,35.05711065,hours,5.001670113,mg/L,1
NA,Kemper,PFOA,rat,Male,oral,1,mg/kg,47.7644166,hours,9.21725855,mg/L,1
NA,Kemper,PFOA,rat,Male,oral,1,mg/kg,69.70815402,hours,7.518067051,mg/L,1
NA,Kemper,PFOA,rat,Male,oral,1,mg/kg,93.35750869,hours,6.652867125,mg/L,1
NA,Kemper,PFOA,rat,Male,oral,1,mg/kg,116.7250797,hours,5.887236797,mg/L,1
NA,Kemper,PFOA,rat,Male,oral,1,mg/kg,141.0112399,hours,5.426418371,mg/L,1
NA,Kemper,PFOA,rat,Male,oral,1,mg/kg,167.4482438,hours,4.336787491,mg/L,1
NA,Kemper,PFOA,rat,Male,oral,1,mg/kg,188.8510496,hours,2.827010579,mg/L,1
NA,Kemper,PFOA,rat,Male,oral,1,mg/kg,285.2488358,hours,1.251253003,mg/L,1
NA,Kemper,PFOA,rat,Male,oral,1,mg/kg,416.2967161,hours,0.799198881,mg/L,1
NA,Kemper,PFOA,rat,Male,oral,1,mg/kg,538.6954205,hours,0.44260641,mg/L,1
NA,Kemper,PFOA,rat,Male,IV,1,mg/kg,0.244376647,hours,7.072248661,mg/L,1
NA,Kemper,PFOA,rat,Male,IV,1,mg/kg,0.485922674,hours,7.991988812,mg/L,1
NA,Kemper,PFOA,rat,Male,IV,1,mg/kg,1,hours,9.21725855,mg/L,1
NA,Kemper,PFOA,rat,Male,IV,1,mg/kg,1.95454096,hours,7.217837157,mg/L,1
NA,Kemper,PFOA,rat,Male,IV,1,mg/kg,3.953802078,hours,7.672833113,mg/L,1
NA,Kemper,PFOA,rat,Male,IV,1,mg/kg,7.727868111,hours,7.217837157,mg/L,1
NA,Kemper,PFOA,rat,Male,IV,1,mg/kg,11.87481536,hours,7.518067051,mg/L,1
NA,Kemper,PFOA,rat,Male,IV,1,mg/kg,15.63255088,hours,8.495785518,mg/L,1
NA,Kemper,PFOA,rat,Male,IV,1,mg/kg,22.81439493,hours,5.887236797,mg/L,1
NA,Kemper,PFOA,rat,Male,IV,1,mg/kg,35.66471895,hours,4.079617716,mg/L,1
NA,Kemper,PFOA,rat,Male,IV,1,mg/kg,46.95066966,hours,4.163600256,mg/L,1
NA,Kemper,PFOA,rat,Male,IV,1,mg/kg,69.70815402,hours,3.916700415,mg/L,1
NA,Kemper,PFOA,rat,Male,IV,1,mg/kg,93.35750869,hours,3.005218863,mg/L,1
NA,Kemper,PFOA,rat,Male,IV,1,mg/kg,122.9001007,hours,2.714115458,mg/L,1
NA,Kemper,PFOA,rat,Male,IV,1,mg/kg,141.0112399,hours,1.733556709,mg/L,1
NA,Kemper,PFOA,rat,Male,IV,1,mg/kg,161.7913221,hours,1.733556709,mg/L,1
NA,Kemper,PFOA,rat,Male,IV,1,mg/kg,188.8510496,hours,1.733556709,mg/L,1
NA,Kemper,PFOA,rat,Male,IV,1,mg/kg,240.2132809,hours,1.842836161,mg/L,1
NA,Kemper,PFOA,rat,Male,IV,1,mg/kg,285.2488358,hours,1.443085408,mg/L,1
NA,Kemper,PFOA,rat,Male,IV,1,mg/kg,332.9569309,hours,1.303299557,mg/L,1
NA,Kemper,PFOA,rat,Male,IV,1,mg/kg,388.6442429,hours,1.177054197,mg/L,1
NA,Kemper,PFOA,rat,Male,IV,1,mg/kg,409.2044034,hours,0.960065547,mg/L,1
NA,Kemper,PFOA,rat,Male,IV,1,mg/kg,469.5066966,hours,0.867067878,mg/L,1
NA,Kemper,PFOA,rat,Male,IV,1,mg/kg,529.5178406,hours,0.600843078,mg/L,1
NA,Kemper,PFOA,rat,Male,oral,5,mg/kg,0.244376647,hours,6.789822281,mg/L,1
NA,Kemper,PFOA,rat,Male,oral,5,mg/kg,0.477644166,hours,11.30049182,mg/L,1
NA,Kemper,PFOA,rat,Male,oral,5,mg/kg,0.949755769,hours,18.42836161,mg/L,1
NA,Kemper,PFOA,rat,Male,oral,5,mg/kg,1.921242077,hours,29.44601633,mg/L,1
NA,Kemper,PFOA,rat,Male,oral,5,mg/kg,3.953802078,hours,33.96045117,mg/L,1
NA,Kemper,PFOA,rat,Male,oral,5,mg/kg,7.998067676,hours,38.37698006,mg/L,1
NA,Kemper,PFOA,rat,Male,oral,5,mg/kg,11.67250797,hours,31.3022259,mg/L,1
NA,Kemper,PFOA,rat,Male,oral,5,mg/kg,15.90349356,hours,36.10124039,mg/L,1
NA,Kemper,PFOA,rat,Male,oral,5,mg/kg,23.20981302,hours,43.36787491,mg/L,1
NA,Kemper,PFOA,rat,Male,oral,5,mg/kg,46.95066966,hours,23.53322331,mg/L,1
NA,Kemper,PFOA,rat,Male,oral,5,mg/kg,70.91633267,hours,26.05728743,mg/L,1
NA,Kemper,PFOA,rat,Male,oral,5,mg/kg,96.62168943,hours,16.30757485,mg/L,1
NA,Kemper,PFOA,rat,Male,oral,5,mg/kg,116.7250797,hours,15.03111337,mg/L,1
NA,Kemper,PFOA,rat,Male,oral,5,mg/kg,145.9416004,hours,11.77054197,mg/L,1
NA,Kemper,PFOA,rat,Male,oral,5,mg/kg,167.4482438,hours,11.07255351,mg/L,1
NA,Kemper,PFOA,rat,Male,oral,5,mg/kg,185.6336553,hours,10.84921286,mg/L,1
NA,Kemper,PFOA,rat,Male,oral,5,mg/kg,236.1208448,hours,8.156510973,mg/L,1
NA,Kemper,PFOA,rat,Male,oral,5,mg/kg,285.2488358,hours,8.156510973,mg/L,1
NA,Kemper,PFOA,rat,Male,oral,5,mg/kg,321.7086117,hours,6.387188517,mg/L,1
NA,Kemper,PFOA,rat,Male,oral,5,mg/kg,388.6442429,hours,5.768487381,mg/L,1
NA,Kemper,PFOA,rat,Male,oral,5,mg/kg,469.5066966,hours,4.336787491,mg/L,1
NA,Kemper,PFOA,rat,Male,oral,5,mg/kg,511.6290834,hours,2.944601633,mg/L,1
NA,Kemper,PFOA,rat,Male,oral,25,mg/kg,0.236120845,hours,56.52133218,mg/L,1
NA,Kemper,PFOA,rat,Male,oral,25,mg/kg,0.477644166,hours,73.66422721,mg/L,1
NA,Kemper,PFOA,rat,Male,oral,25,mg/kg,1,hours,102.0585885,mg/L,1
NA,Kemper,PFOA,rat,Male,oral,25,mg/kg,1.95454096,hours,141.3977432,mg/L,1
NA,Kemper,PFOA,rat,Male,oral,25,mg/kg,3.820230365,hours,147.2792598,mg/L,1
NA,Kemper,PFOA,rat,Male,oral,25,mg/kg,7.86180718,hours,138.5456582,mg/L,1
NA,Kemper,PFOA,rat,Male,oral,25,mg/kg,11.67250797,hours,144.3085408,mg/L,1
NA,Kemper,PFOA,rat,Male,oral,25,mg/kg,16.17913221,hours,144.3085408,mg/L,1
NA,Kemper,PFOA,rat,Male,oral,25,mg/kg,24.02132809,hours,130.3299557,mg/L,1
NA,Kemper,PFOA,rat,Male,oral,25,mg/kg,46.95066966,hours,102.0585885,mg/L,1
NA,Kemper,PFOA,rat,Male,oral,25,mg/kg,70.91633267,hours,76.72833113,mg/L,1
NA,Kemper,PFOA,rat,Male,oral,25,mg/kg,94.97557692,hours,69.2959678,mg/L,1
NA,Kemper,PFOA,rat,Male,oral,25,mg/kg,116.7250797,hours,62.58354748,mg/L,1
NA,Kemper,PFOA,rat,Male,oral,25,mg/kg,136.2474423,hours,58.87236797,mg/L,1
NA,Kemper,PFOA,rat,Male,oral,25,mg/kg,159.0349356,hours,50.01670113,mg/L,1
NA,Kemper,PFOA,rat,Male,oral,25,mg/kg,188.8510496,hours,36.10124039,mg/L,1
NA,Kemper,PFOA,rat,Male,oral,25,mg/kg,240.2132809,hours,31.94660991,mg/L,1
NA,Kemper,PFOA,rat,Male,oral,25,mg/kg,275.6122442,hours,26.05728743,mg/L,1
NA,Kemper,PFOA,rat,Male,oral,25,mg/kg,344.5985398,hours,26.05728743,mg/L,1
NA,Kemper,PFOA,rat,Male,oral,25,mg/kg,369.1171119,hours,19.5900434,mg/L,1
NA,Kemper,PFOA,rat,Male,oral,25,mg/kg,423.5119525,hours,19.19489942,mg/L,1
NA,Kemper,PFOA,rat,Male,oral,25,mg/kg,461.5078627,hours,15.03111337,mg/L,1
NA,Kemper,PFOA,rat,Male,oral,25,mg/kg,511.6290834,hours,9.79829346,mg/L,1
NA,Kemper,PFOA,rat,Female,oral,0.1,mg/kg,0.490708144,hours,0.532888246,mg/L,1
NA,Kemper,PFOA,rat,Female,oral,0.1,mg/kg,1.674911607,hours,0.522950074,mg/L,1
NA,Kemper,PFOA,rat,Female,oral,0.1,mg/kg,3.764754608,hours,0.385386888,mg/L,1
NA,Kemper,PFOA,rat,Female,oral,0.1,mg/kg,7.982482379,hours,0.115747836,mg/L,1
NA,Kemper,PFOA,rat,Female,oral,0.1,mg/kg,12.01675065,hours,0.060502553,mg/L,1
NA,Kemper,PFOA,rat,Female,oral,0.1,mg/kg,15.91419127,hours,0.026627569,mg/L,1
NA,Kemper,PFOA,rat,Female,IV,1,mg/kg,-0.543782548,hours,5.276907134,mg/L,1
NA,Kemper,PFOA,rat,Female,IV,1,mg/kg,-0.09280351,hours,4.705802566,mg/L,1
NA,Kemper,PFOA,rat,Female,IV,1,mg/kg,0.510956183,hours,3.887843557,mg/L,1
NA,Kemper,PFOA,rat,Female,IV,1,mg/kg,1.701295414,hours,3.467685713,mg/L,1
NA,Kemper,PFOA,rat,Female,IV,1,mg/kg,3.639584915,hours,2.706181863,mg/L,1
NA,Kemper,PFOA,rat,Female,IV,1,mg/kg,7.710667802,hours,0.797368287,mg/L,1
NA,Kemper,PFOA,rat,Female,IV,1,mg/kg,15.97125392,hours,0.109507869,mg/L,1
NA,Kemper,PFOA,rat,Female,IV,1,mg/kg,23.92627873,hours,0.017522257,mg/L,1
NA,Kemper,PFOA,rat,Female,oral,1,mg/kg,-0.146798279,hours,10.90870831,mg/L,1
NA,Kemper,PFOA,rat,Female,oral,1,mg/kg,0.135447106,hours,13.46135926,mg/L,1
NA,Kemper,PFOA,rat,Female,oral,1,mg/kg,0.713436568,hours,16.6125071,mg/L,1
NA,Kemper,PFOA,rat,Female,oral,1,mg/kg,1.595760183,hours,17.93584027,mg/L,1
NA,Kemper,PFOA,rat,Female,oral,1,mg/kg,3.532822531,hours,14.26716242,mg/L,1
NA,Kemper,PFOA,rat,Female,oral,1,mg/kg,7.618631263,hours,3.342381742,mg/L,1
NA,Kemper,PFOA,rat,Female,oral,1,mg/kg,11.80322588,hours,1.681647439,mg/L,1
NA,Kemper,PFOA,rat,Female,oral,1,mg/kg,15.71048373,hours,0.635190147,mg/L,1
NA,Kemper,PFOA,rat,Female,oral,1,mg/kg,24.07353719,hours,0.176910941,mg/L,1
NA,Kemper,PFOA,rat,Female,oral,1,mg/kg,35.99165535,hours,0.044820907,mg/L,1
NA,Kemper,PFOA,rat,Female,oral,1,mg/kg,47.72385971,hours,0.020532825,mg/L,1
NA,Kemper,PFOA,rat,Female,oral,1,mg/kg,72.01168864,hours,0.011641409,mg/L,1
NA,Kemper,PFOA,rat,Female,oral,5,mg/kg,-0.163978433,hours,14.25456996,mg/L,1
NA,Kemper,PFOA,rat,Female,oral,5,mg/kg,1.781673991,hours,9.919267501,mg/L,1
NA,Kemper,PFOA,rat,Female,oral,5,mg/kg,3.584362992,hours,6.394332773,mg/L,1
NA,Kemper,PFOA,rat,Female,oral,5,mg/kg,7.786137763,hours,2.462030017,mg/L,1
NA,Kemper,PFOA,rat,Female,oral,5,mg/kg,11.68971415,hours,0.984822653,mg/L,1
NA,Kemper,PFOA,rat,Female,oral,5,mg/kg,15.900079,hours,0.331715484,mg/L,1
NA,Kemper,PFOA,rat,Female,oral,5,mg/kg,23.79620042,hours,0.132814226,mg/L,1
NA,Kemper,PFOA,rat,Female,oral,5,mg/kg,35.86955355,hours,0.030005033,mg/L,1
NA,Kemper,PFOA,rat,Female,oral,5,mg/kg,47.98892494,hours,0.033108925,mg/L,1
NA,Kemper,PFOA,rat,Female,oral,5,mg/kg,95.69759861,hours,0.077631745,mg/L,1
NA,Kemper,PFOA,rat,Female,oral,15,mg/kg,-0.422294318,hours,79.58208081,mg/L,1
NA,Kemper,PFOA,rat,Female,oral,15,mg/kg,-0.452973164,hours,128.3160516,mg/L,1
NA,Kemper,PFOA,rat,Female,oral,15,mg/kg,0.299885721,hours,104.0094447,mg/L,1
NA,Kemper,PFOA,rat,Female,oral,15,mg/kg,1.327627068,hours,116.6734181,mg/L,1
NA,Kemper,PFOA,rat,Female,oral,15,mg/kg,3.2597808,hours,100.180296,mg/L,1
NA,Kemper,PFOA,rat,Female,oral,15,mg/kg,7.475054263,hours,31.26047071,mg/L,1
NA,Kemper,PFOA,rat,Female,oral,15,mg/kg,11.54859146,hours,8.865438818,mg/L,1
NA,Kemper,PFOA,rat,Female,oral,15,mg/kg,15.76631923,hours,2.66266288,mg/L,1
NA,Kemper,PFOA,rat,Female,oral,15,mg/kg,23.72993412,hours,0.372709533,mg/L,1
NA,Kemper,PFOA,rat,Female,oral,15,mg/kg,35.62596351,hours,0.13319004,mg/L,1
NA,Kemper,PFOA,rat,Female,oral,15,mg/kg,47.65391194,hours,0.06101976,mg/L,1
NA,Kemper,PFOA,rat,Female,oral,15,mg/kg,71.77300722,hours,0.047872782,mg/L,1
NA,Kemper,PFOA,rat,Female,oral,15,mg/kg,95.75282054,hours,0.032854971,mg/L,1
1289832,Chang,PFOS,CD1,Female,oral,1,mg/kg,-8.520141102,hours,3.626741183,mg/L,1
1289832,Chang,PFOS,CD1,Female,oral,1,mg/kg,3.797792444,hours,4.993150877,mg/L,1
1289832,Chang,PFOS,CD1,Female,oral,1,mg/kg,44.83386436,hours,3.873512854,mg/L,1
1289832,Chang,PFOS,CD1,Female,oral,1,mg/kg,186.9879381,hours,4.255451318,mg/L,1
1289832,Chang,PFOS,CD1,Female,oral,1,mg/kg,352.0710059,hours,2.866916216,mg/L,1
1289832,Chang,PFOS,CD1,Female,oral,1,mg/kg,523.5690715,hours,2.684272262,mg/L,1
1289832,Chang,PFOS,CD1,Female,oral,1,mg/kg,860.0221893,hours,1.555789865,mg/L,1
1289832,Chang,PFOS,CD1,Female,oral,1,mg/kg,1191.511152,hours,1.69319704,mg/L,1
1289832,Chang,PFOS,CD1,Female,oral,1,mg/kg,1533.952549,hours,1.028613423,mg/L,1
1289832,Chang,PFOS,CD1,Female,oral,20,mg/kg,-4.281406463,hours,59.78155288,mg/L,1
1289832,Chang,PFOS,CD1,Female,oral,20,mg/kg,1.920232135,hours,72.15201135,mg/L,1
1289832,Chang,PFOS,CD1,Female,oral,20,mg/kg,19.7997269,hours,78.52446838,mg/L,1
1289832,Chang,PFOS,CD1,Female,oral,20,mg/kg,43.07009558,hours,60.34638436,mg/L,1
1289832,Chang,PFOS,CD1,Female,oral,20,mg/kg,190.9990897,hours,60.34638436,mg/L,1
1289832,Chang,PFOS,CD1,Female,oral,20,mg/kg,362.0135412,hours,41.03974859,mg/L,1
1289832,Chang,PFOS,CD1,Female,oral,20,mg/kg,533.4831589,hours,37.70927034,mg/L,1
1289832,Chang,PFOS,CD1,Female,oral,20,mg/kg,870.6901457,hours,35.97723778,mg/L,1
1289832,Chang,PFOS,CD1,Female,oral,20,mg/kg,1201.937301,hours,33.36993159,mg/L,1
1289832,Chang,PFOS,CD1,Female,oral,20,mg/kg,1544.051548,hours,16.32926231,mg/L,1
1289832,Chang,PFOS,CD1,Female,oral,20,mg/kg,3393.789827,hours,3.492853045,mg/L,1
1289832,Chang,PFOS,CD1,Male,oral,1,mg/kg,-27.47075811,hours,3.536504589,mg/L,1
1289832,Chang,PFOS,CD1,Male,oral,1,mg/kg,-27.68890366,hours,3.850468191,mg/L,1
1289832,Chang,PFOS,CD1,Male,oral,1,mg/kg,25.33604803,hours,4.042236501,mg/L,1
1289832,Chang,PFOS,CD1,Male,oral,1,mg/kg,179.5649554,hours,3.094045761,mg/L,1
1289832,Chang,PFOS,CD1,Male,oral,1,mg/kg,345.3555773,hours,2.610045658,mg/L,1
1289832,Chang,PFOS,CD1,Male,oral,1,mg/kg,517.1452018,hours,2.122943041,mg/L,1
1289832,Chang,PFOS,CD1,Male,oral,1,mg/kg,848.3836453,hours,1.726746481,mg/L,1
1289832,Chang,PFOS,CD1,Male,oral,1,mg/kg,1179.37278,hours,1.547872469,mg/L,1
1289832,Chang,PFOS,CD1,Male,oral,1,mg/kg,1522.422247,hours,1.258999082,mg/L,1
1289832,Chang,PFOS,CD1,Male,oral,1,mg/kg,3379.962811,hours,0.360155286,mg/L,1
1289832,Chang,PFOS,CD1,Male,oral,20,mg/kg,-27.51750358,hours,36.0155286,mg/L,1
1289832,Chang,PFOS,CD1,Male,oral,20,mg/kg,-46.574076,hours,60.72992182,mg/L,1
1289832,Chang,PFOS,CD1,Male,oral,20,mg/kg,-23.35715621,hours,71.12205639,mg/L,1
1289832,Chang,PFOS,CD1,Male,oral,20,mg/kg,18.41771757,hours,59.99646703,mg/L,1
1289832,Chang,PFOS,CD1,Male,oral,20,mg/kg,172.1791702,hours,55.10441081,mg/L,1
1289832,Chang,PFOS,CD1,Male,oral,20,mg/kg,337.2841917,hours,60.72992182,mg/L,1
1289832,Chang,PFOS,CD1,Male,oral,20,mg/kg,497.5432655,hours,44.27917859,mg/L,1
1289832,Chang,PFOS,CD1,Male,oral,20,mg/kg,841.091351,hours,29.65221057,mg/L,1
1289832,Chang,PFOS,CD1,Male,oral,20,mg/kg,1183.891509,hours,26.58053218,mg/L,1
1289832,Chang,PFOS,CD1,Male,oral,20,mg/kg,1520.630337,hours,25.31952141,mg/L,1
1289832,Chang,PFOS,CD1,Male,oral,20,mg/kg,3373.106808,hours,5.217226137,mg/L,1
1289832,Chang,PFOS,rat,Male,IV,2,mg/kg,0.243183534,hours,3.183759308,mg/L,1
1289832,Chang,PFOS,rat,Male,IV,2,mg/kg,0.493905458,hours,3.147584866,mg/L,1
1289832,Chang,PFOS,rat,Male,IV,2,mg/kg,0.971370307,hours,3.076464374,mg/L,1
1289832,Chang,PFOS,rat,Male,IV,2,mg/kg,1.94126187,hours,3.076464374,mg/L,1
1289832,Chang,PFOS,rat,Male,IV,2,mg/kg,3.88034363,hours,2.905614502,mg/L,1
1289832,Chang,PFOS,rat,Male,IV,2,mg/kg,7.752921262,hours,3.111821445,mg/L,1
1289832,Chang,PFOS,rat,Male,IV,2,mg/kg,23.56368137,hours,2.621639561,mg/L,1
1289832,Chang,PFOS,rat,Male,oral,2,mg/kg,0.957919127,hours,1.659823143,mg/L,1
1289832,Chang,PFOS,rat,Male,oral,2,mg/kg,1.944599978,hours,1.882142002,mg/L,1
1289832,Chang,PFOS,rat,Male,oral,2,mg/kg,3.82309512,hours,2.038880821,mg/L,1
1289832,Chang,PFOS,rat,Male,oral,2,mg/kg,7.760669392,hours,2.338542087,mg/L,1
1289832,Chang,PFOS,rat,Male,oral,2,mg/kg,23.21139788,hours,1.947783686,mg/L,1
1289832,Chang,PFOS,rat,Male,oral,2,mg/kg,188.3349948,hours,1.777618211,mg/L,1
1289832,Chang,PFOS,rat,Male,oral,2,mg/kg,358.949255,hours,1.3824752,mg/L,1
1289832,Chang,PFOS,rat,Male,oral,2,mg/kg,487.5917632,hours,1.247361504,mg/L,1
1289832,Chang,PFOS,rat,Male,oral,2,mg/kg,684.4798522,hours,0.926744631,mg/L,1
1289832,Chang,PFOS,rat,Male,oral,2,mg/kg,844.0610781,hours,0.865333274,mg/L,1
1289832,Chang,PFOS,rat,Male,oral,2,mg/kg,1024.38564,hours,0.771890351,mg/L,1
1289832,Chang,PFOS,rat,Male,oral,2,mg/kg,1146.606847,hours,0.771890351,mg/L,1
1289832,Chang,PFOS,rat,Male,oral,2,mg/kg,1326.791729,hours,0.573486705,mg/L,1
1289832,Chang,PFOS,rat,Male,oral,2,mg/kg,1558.967063,hours,0.535484222,mg/L,1
1289832,Chang,PFOS,rat,Male,oral,2,mg/kg,1717.783811,hours,0.477660015,mg/L,1
1289832,Chang,PFOS,rat,Male,oral,15,mg/kg,4.897786237,hours,34.68654722,mg/L,1
1289832,Chang,PFOS,rat,Male,oral,15,mg/kg,23.33600528,hours,42.12387516,mg/L,1
1289832,Chang,PFOS,rat,Male,oral,15,mg/kg,209.002419,hours,20.74130173,mg/L,1
1289832,Chang,PFOS,rat,Male,oral,15,mg/kg,355.5520534,hours,20.97967656,mg/L,1
1289832,Chang,PFOS,rat,Male,oral,15,mg/kg,524.4536254,hours,11.06326094,mg/L,1
1289832,Chang,PFOS,rat,Male,oral,15,mg/kg,747.1613993,hours,12.12231009,mg/L,1
1289832,Chang,PFOS,rat,Male,oral,15,mg/kg,967.8835526,hours,8.604031947,mg/L,1
1289832,Chang,PFOS,rat,Male,oral,15,mg/kg,1174.332961,hours,8.314070002,mg/L,1
1289832,Chang,PFOS,rat,Male,oral,15,mg/kg,1379.82953,hours,7.763132556,mg/L,1
1289832,Chang,PFOS,rat,Male,oral,15,mg/kg,1570.40773,hours,6.615430233,mg/L,1
1289832,Chang,PFOS,rat,Male,oral,15,mg/kg,1812.767699,hours,9.868595862,mg/L,1
1289832,Chang,PFOS,rat,Male,oral,15,mg/kg,2001.994155,hours,4.589328663,mg/L,1
5916078,Dzierlenga,PFOA,rat,Male,IV,6,mg/kg,0.003,days,61.531,mg/L,0
5916078,Dzierlenga,PFOA,rat,Male,IV,6,mg/kg,0.01,days,53.491,mg/L,0
5916078,Dzierlenga,PFOA,rat,Male,IV,6,mg/kg,0.02,days,46.526,mg/L,0
5916078,Dzierlenga,PFOA,rat,Male,IV,6,mg/kg,0.041,days,46.489,mg/L,0
5916078,Dzierlenga,PFOA,rat,Male,IV,6,mg/kg,0.123,days,47.62,mg/L,0
5916078,Dzierlenga,PFOA,rat,Male,IV,6,mg/kg,0.249,days,48.799,mg/L,0
5916078,Dzierlenga,PFOA,rat,Male,IV,6,mg/kg,0.503,days,44.08,mg/L,0
5916078,Dzierlenga,PFOA,rat,Male,IV,6,mg/kg,0.989,days,44.606,mg/L,0
5916078,Dzierlenga,PFOA,rat,Male,IV,6,mg/kg,7.959,days,18.17,mg/L,0
5916078,Dzierlenga,PFOA,rat,Male,IV,6,mg/kg,22.013,days,4.887,mg/L,0
5916078,Dzierlenga,PFOA,rat,Male,IV,6,mg/kg,36.1,days,2.502,mg/L,0
5916078,Dzierlenga,PFOA,rat,Male,IV,6,mg/kg,50.078,days,0.774,mg/L,0
5916078,Dzierlenga,PFOA,rat,Male,oral,6,mg/kg,0.01,days,11.332,mg/L,0
5916078,Dzierlenga,PFOA,rat,Male,oral,6,mg/kg,0.042,days,23.226,mg/L,0
5916078,Dzierlenga,PFOA,rat,Male,oral,6,mg/kg,0.122,days,33.873,mg/L,0
5916078,Dzierlenga,PFOA,rat,Male,oral,6,mg/kg,0.245,days,44.675,mg/L,0
5916078,Dzierlenga,PFOA,rat,Male,oral,6,mg/kg,0.489,days,40.867,mg/L,0
5916078,Dzierlenga,PFOA,rat,Male,oral,6,mg/kg,0.975,days,38.34,mg/L,0
5916078,Dzierlenga,PFOA,rat,Male,oral,6,mg/kg,8.07,days,19.353,mg/L,0
5916078,Dzierlenga,PFOA,rat,Male,oral,6,mg/kg,21.99,days,6.87,mg/L,0
5916078,Dzierlenga,PFOA,rat,Male,oral,6,mg/kg,36.043,days,4.198,mg/L,0
5916078,Dzierlenga,PFOA,rat,Male,oral,6,mg/kg,50.626,days,2.205,mg/L,0
5916078,Dzierlenga,PFOA,rat,Male,oral,12,mg/kg,0.01,days,16.969,mg/L,0
5916078,Dzierlenga,PFOA,rat,Male,oral,12,mg/kg,0.041,days,44.202,mg/L,0
5916078,Dzierlenga,PFOA,rat,Male,oral,12,mg/kg,0.123,days,68.658,mg/L,0
5916078,Dzierlenga,PFOA,rat,Male,oral,12,mg/kg,0.245,days,73.074,mg/L,0
5916078,Dzierlenga,PFOA,rat,Male,oral,12,mg/kg,0.495,days,77.772,mg/L,0
5916078,Dzierlenga,PFOA,rat,Male,oral,12,mg/kg,0.987,days,73.888,mg/L,0
5916078,Dzierlenga,PFOA,rat,Male,oral,12,mg/kg,7.831,days,35.914,mg/L,0
5916078,Dzierlenga,PFOA,rat,Male,oral,12,mg/kg,21.939,days,14.646,mg/L,0
5916078,Dzierlenga,PFOA,rat,Male,oral,12,mg/kg,35.953,days,9.532,mg/L,0
5916078,Dzierlenga,PFOA,rat,Male,oral,12,mg/kg,49.968,days,1.588,mg/L,0
5916078,Dzierlenga,PFOA,rat,Male,oral,45,mg/kg,0.01,days,36.177,mg/L,0
5916078,Dzierlenga,PFOA,rat,Male,oral,45,mg/kg,0.041,days,119.76,mg/L,0
5916078,Dzierlenga,PFOA,rat,Male,oral,45,mg/kg,0.121,days,224.785,mg/L,0
5916078,Dzierlenga,PFOA,rat,Male,oral,45,mg/kg,0.241,days,281.884,mg/L,0
5916078,Dzierlenga,PFOA,rat,Male,oral,45,mg/kg,0.493,days,267.8,mg/L,0
5916078,Dzierlenga,PFOA,rat,Male,oral,45,mg/kg,1.011,days,257.65,mg/L,0
5916078,Dzierlenga,PFOA,rat,Male,oral,45,mg/kg,7.813,days,77.537,mg/L,0
5916078,Dzierlenga,PFOA,rat,Male,oral,45,mg/kg,22.198,days,31.621,mg/L,0
5916078,Dzierlenga,PFOA,rat,Male,oral,45,mg/kg,36.42,days,13.918,mg/L,0
5916078,Dzierlenga,PFOA,rat,Male,oral,45,mg/kg,49.084,days,5.47,mg/L,0
5916078,Dzierlenga,PFOA,rat,Female,IV,40,mg/kg,0.003450038,days,341.5849488,mg/L,0
5916078,Dzierlenga,PFOA,rat,Female,IV,40,mg/kg,0.010310681,days,247.0786063,mg/L,0
5916078,Dzierlenga,PFOA,rat,Female,IV,40,mg/kg,0.020896431,days,209.9454635,mg/L,0
5916078,Dzierlenga,PFOA,rat,Female,IV,40,mg/kg,0.041358809,days,164.7988662,mg/L,0
5916078,Dzierlenga,PFOA,rat,Female,IV,40,mg/kg,0.126487036,days,89.08330066,mg/L,0
5916078,Dzierlenga,PFOA,rat,Female,IV,40,mg/kg,0.256360075,days,77.72518997,mg/L,0
5916078,Dzierlenga,PFOA,rat,Female,IV,40,mg/kg,0.506457238,days,20.61340646,mg/L,0
5916078,Dzierlenga,PFOA,rat,Female,IV,40,mg/kg,1.009567001,days,1.059428495,mg/L,0
5916078,Dzierlenga,PFOA,rat,Female,IV,40,mg/kg,8.184744649,days,0.119486688,mg/L,0
5916078,Dzierlenga,PFOA,rat,Female,oral,40,mg/kg,0.010286515,days,62.39357212,mg/L,0
5916078,Dzierlenga,PFOA,rat,Female,oral,40,mg/kg,0.041330823,days,110.8006009,mg/L,0
5916078,Dzierlenga,PFOA,rat,Female,oral,40,mg/kg,0.126555548,days,122.3843774,mg/L,0
5916078,Dzierlenga,PFOA,rat,Female,oral,40,mg/kg,0.250584079,days,121.9048459,mg/L,0
5916078,Dzierlenga,PFOA,rat,Female,oral,40,mg/kg,0.378339656,days,106.5421315,mg/L,0
5916078,Dzierlenga,PFOA,rat,Female,oral,40,mg/kg,0.495582789,days,61.019453,mg/L,0
5916078,Dzierlenga,PFOA,rat,Female,oral,40,mg/kg,0.999188067,days,2.471232087,mg/L,0
5916078,Dzierlenga,PFOA,rat,Female,oral,40,mg/kg,1.968806141,days,0.141202171,mg/L,0
5916078,Dzierlenga,PFOA,rat,Female,oral,40,mg/kg,4.030310026,days,0.04273777,mg/L,0
5916078,Dzierlenga,PFOA,rat,Female,oral,80,mg/kg,0.010416842,days,100.4627305,mg/L,0
5916078,Dzierlenga,PFOA,rat,Female,oral,80,mg/kg,0.041377477,days,214.7314328,mg/L,0
5916078,Dzierlenga,PFOA,rat,Female,oral,80,mg/kg,0.125045527,days,107.2221912,mg/L,0
5916078,Dzierlenga,PFOA,rat,Female,oral,80,mg/kg,0.2477842,days,167.4865934,mg/L,0
5916078,Dzierlenga,PFOA,rat,Female,oral,80,mg/kg,0.378766718,days,206.4785242,mg/L,0
5916078,Dzierlenga,PFOA,rat,Female,oral,80,mg/kg,0.507509625,days,69.64344053,mg/L,0
5916078,Dzierlenga,PFOA,rat,Female,oral,80,mg/kg,1.024944684,days,7.509458661,mg/L,0
5916078,Dzierlenga,PFOA,rat,Female,oral,80,mg/kg,1.995370363,days,0.366101094,mg/L,0
5916078,Dzierlenga,PFOA,rat,Female,oral,80,mg/kg,4.03959611,days,0.164821178,mg/L,0
5916078,Dzierlenga,PFOA,rat,Female,oral,80,mg/kg,8.21768223,days,1.25978956,mg/L,0
5916078,Dzierlenga,PFOA,rat,Female,oral,320,mg/kg,0.010430482,days,216.4387639,mg/L,0
5916078,Dzierlenga,PFOA,rat,Female,oral,320,mg/kg,0.041928196,days,500.8165971,mg/L,0
5916078,Dzierlenga,PFOA,rat,Female,oral,320,mg/kg,0.125339296,days,424.5999815,mg/L,0
5916078,Dzierlenga,PFOA,rat,Female,oral,320,mg/kg,0.248086283,days,342.2329619,mg/L,0
5916078,Dzierlenga,PFOA,rat,Female,oral,320,mg/kg,0.379331178,days,494.5173295,mg/L,0
5916078,Dzierlenga,PFOA,rat,Female,oral,320,mg/kg,0.514566165,days,229.1327313,mg/L,0
5916078,Dzierlenga,PFOA,rat,Female,oral,320,mg/kg,1.007928265,days,408.5851715,mg/L,0
5916078,Dzierlenga,PFOA,rat,Female,oral,320,mg/kg,2.065176054,days,209.9596748,mg/L,0
5916078,Dzierlenga,PFOA,rat,Female,oral,320,mg/kg,4.110761819,days,4.626422449,mg/L,0
3749289,Kim,PFOA,rat,Male,IV,1,mg/kg,0.211438475,days,5.225617069,mg/L,0
3749289,Kim,PFOA,rat,Male,IV,1,mg/kg,0.502599653,days,3.949808245,mg/L,0
3749289,Kim,PFOA,rat,Male,IV,1,mg/kg,0.960138648,days,2.289618591,mg/L,0
3749289,Kim,PFOA,rat,Male,IV,1,mg/kg,2,days,2.00864902,mg/L,0
3749289,Kim,PFOA,rat,Male,IV,1,mg/kg,3.982668977,days,1.545639183,mg/L,0
3749289,Kim,PFOA,rat,Male,IV,1,mg/kg,5.993067591,days,1.31888277,mg/L,0
3749289,Kim,PFOA,rat,Male,IV,1,mg/kg,7.975736568,days,1.125335583,mg/L,0
3749289,Kim,PFOA,rat,Male,IV,1,mg/kg,9.972270364,days,0.581326739,mg/L,0
3749289,Kim,PFOA,rat,Male,IV,1,mg/kg,11.9965338,days,0.454012643,mg/L,0
3749289,Kim,PFOA,rat,Male,oral,1,mg/kg,0.059076397,days,3.751652285,mg/L,0
3749289,Kim,PFOA,rat,Male,oral,1,mg/kg,0.21674753,days,5.32676714,mg/L,0
3749289,Kim,PFOA,rat,Male,oral,1,mg/kg,0.479650067,days,9.171810312,mg/L,0
3749289,Kim,PFOA,rat,Male,oral,1,mg/kg,0.982729581,days,7.441809078,mg/L,0
3749289,Kim,PFOA,rat,Male,oral,1,mg/kg,1.975967219,days,4.410479258,mg/L,0
3749289,Kim,PFOA,rat,Male,oral,1,mg/kg,3.988335554,days,1.878343894,mg/L,0
3749289,Kim,PFOA,rat,Male,oral,1,mg/kg,5.986978054,days,0.95300902,mg/L,0
3749289,Kim,PFOA,rat,Male,oral,1,mg/kg,7.985268609,days,0.546575951,mg/L,0
3749289,Kim,PFOA,rat,Male,oral,1,mg/kg,9.997435833,days,0.249665137,mg/L,0
3749289,Kim,PFOA,rat,Male,oral,1,mg/kg,11.98320722,days,0.112056133,mg/L,0
2990271,Kudo,PFOA,rat,Male,IV,20,mg/kg,0.2,hours,144.1716226,mg/L,0
2990271,Kudo,PFOA,rat,Male,IV,20,mg/kg,5.555555556,hours,99.70484861,mg/L,0
2990271,Kudo,PFOA,rat,Male,IV,20,mg/kg,11.11111111,hours,86.87347992,mg/L,0
2990271,Kudo,PFOA,rat,Male,IV,20,mg/kg,23.41269841,hours,62.98568253,mg/L,0
2990271,Kudo,PFOA,rat,Male,IV,20,mg/kg,47.61904762,hours,44.36238024,mg/L,0
2990271,Kudo,PFOA,rat,Male,IV,20,mg/kg,71.42857143,hours,36.44608874,mg/L,0
2990271,Kudo,PFOA,rat,Male,IV,20,mg/kg,95.63492063,hours,29.48659312,mg/L,0
2990271,Kudo,PFOA,rat,Male,IV,20,mg/kg,144.047619,hours,20.52710896,mg/L,0
2990271,Kudo,PFOA,rat,Male,IV,20,mg/kg,192.4603175,hours,16.92815292,mg/L,0
2990271,Kudo,PFOA,rat,Male,IV,20,mg/kg,239.6825397,hours,13.12368737,mg/L,0
2990271,Kudo,PFOA,rat,Male,IV,20,mg/kg,288.0952381,hours,10.99073218,mg/L,0
3749289,Kim,PFOA,rat,Female,IV,1,mg/kg,0.000381283,days,5.706885337,mg/L,0
3749289,Kim,PFOA,rat,Female,IV,1,mg/kg,0.003466205,days,4.780897126,mg/L,0
3749289,Kim,PFOA,rat,Female,IV,1,mg/kg,0.086655113,days,3.888950961,mg/L,0
3749289,Kim,PFOA,rat,Female,IV,1,mg/kg,0.169844021,days,3.306635348,mg/L,0
3749289,Kim,PFOA,rat,Female,IV,1,mg/kg,0.239168111,days,3.026776223,mg/L,0
3749289,Kim,PFOA,rat,Female,IV,1,mg/kg,0.308492201,days,2.253360793,mg/L,0
3749289,Kim,PFOA,rat,Female,IV,1,mg/kg,0.488734835,days,0.95759151,mg/L,0
3749289,Kim,PFOA,rat,Female,IV,1,mg/kg,1.001733102,days,0.123187234,mg/L,0
3749289,Kim,PFOA,rat,Female,oral,1,mg/kg,0.004625556,days,1.618612967,mg/L,0
3749289,Kim,PFOA,rat,Female,oral,1,mg/kg,0.006385279,days,2.987452702,mg/L,0
3749289,Kim,PFOA,rat,Female,oral,1,mg/kg,0.006234445,days,3.686105721,mg/L,0
3749289,Kim,PFOA,rat,Female,oral,1,mg/kg,0.045451117,days,4.315649143,mg/L,0
3749289,Kim,PFOA,rat,Female,oral,1,mg/kg,0.138263908,days,3.954681764,mg/L,0
3749289,Kim,PFOA,rat,Female,oral,1,mg/kg,0.245707534,days,2.219540651,mg/L,0
3749289,Kim,PFOA,rat,Female,oral,1,mg/kg,0.500113125,days,0.736915144,mg/L,0
3749289,Kim,PFOA,rat,Female,oral,1,mg/kg,0.983081525,days,0.065833496,mg/L,0
2990271,Kudo,PFOA,rat,Female,IV,20,mg/kg,0.05,hours,131.4455861,mg/L,0
2990271,Kudo,PFOA,rat,Female,IV,20,mg/kg,0.396825397,hours,95.11548708,mg/L,0
2990271,Kudo,PFOA,rat,Female,IV,20,mg/kg,0.793650794,hours,56.3515826,mg/L,0
2990271,Kudo,PFOA,rat,Female,IV,20,mg/kg,5.952380952,hours,9.743374087,mg/L,0
2990271,Kudo,PFOA,rat,Female,IV,20,mg/kg,11.50793651,hours,1.489455301,mg/L,0
2990271,Kudo,PFOA,rat,Female,IV,20,mg/kg,23.80952381,hours,0.207808368,mg/L,0
2990271,Kudo,PFOA,rat,Female,IV,20,mg/kg,48.41269841,hours,0.170746656,mg/L,0
2990271,Kudo,PFOA,rat,Female,IV,20,mg/kg,72.22222222,hours,0.083092829,mg/L,0
7410147,Huang,PFOS,rat,Male,IV,2,mg/kg,0.003401495,days,5.970021693,mg/L,0
7410147,Huang,PFOS,rat,Male,IV,2,mg/kg,0.041867883,days,4.888315057,mg/L,0
7410147,Huang,PFOS,rat,Male,IV,2,mg/kg,0.254091656,days,4.573200919,mg/L,0
7410147,Huang,PFOS,rat,Male,IV,2,mg/kg,0.506307764,days,4.472743362,mg/L,0
7410147,Huang,PFOS,rat,Male,IV,2,mg/kg,0.991199852,days,4.374492513,mg/L,0
7410147,Huang,PFOS,rat,Male,IV,2,mg/kg,8.269255499,days,2.805444184,mg/L,0
7410147,Huang,PFOS,rat,Male,IV,2,mg/kg,20.73474298,days,1.923155912,mg/L,0
7410147,Huang,PFOS,rat,Male,IV,2,mg/kg,34.01495225,days,1.233355995,mg/L,0
7410147,Huang,PFOS,rat,Male,IV,2,mg/kg,49.30582984,days,0.723731033,mg/L,0
7410147,Huang,PFOS,rat,Male,IV,2,mg/kg,96.52613426,days,0.605908126,mg/L,0
7410147,Huang,PFOS,rat,Male,IV,2,mg/kg,135.0573531,days,0.186703628,mg/L,0
7410147,Huang,PFOS,rat,Male,oral,2,mg/kg,0.003341891,days,0.038571391,mg/L,0
7410147,Huang,PFOS,rat,Male,oral,2,mg/kg,0.041867883,days,2.743818186,mg/L,0
7410147,Huang,PFOS,rat,Male,oral,2,mg/kg,0.245264853,days,4.675914747,mg/L,0
7410147,Huang,PFOS,rat,Male,oral,2,mg/kg,0.488719312,days,8.14749571,mg/L,0
7410147,Huang,PFOS,rat,Male,oral,2,mg/kg,0.991199852,days,5.585177789,mg/L,0
7410147,Huang,PFOS,rat,Male,oral,2,mg/kg,7.981992665,days,3.828687004,mg/L,0
7410147,Huang,PFOS,rat,Male,oral,2,mg/kg,21.86408394,days,2.6835459,mg/L,0
7410147,Huang,PFOS,rat,Male,oral,2,mg/kg,35.86761465,days,1.683203714,mg/L,0
7410147,Huang,PFOS,rat,Male,oral,2,mg/kg,50.18521808,days,1.1538505,mg/L,0
7410147,Huang,PFOS,rat,Male,oral,2,mg/kg,70.21811008,days,1.009884552,mg/L,0
7410147,Huang,PFOS,rat,Male,oral,2,mg/kg,98.24771461,days,0.406231257,mg/L,0
7410147,Huang,PFOS,rat,Male,oral,2,mg/kg,139.9179136,days,0.284729523,mg/L,0
7410147,Huang,PFOS,rat,Male,oral,20,mg/kg,0.003283332,days,0.554397889,mg/L,0
7410147,Huang,PFOS,rat,Male,oral,20,mg/kg,0.041134238,days,39.43770194,mg/L,0
7410147,Huang,PFOS,rat,Male,oral,20,mg/kg,0.245264853,days,93.78154605,mg/L,0
7410147,Huang,PFOS,rat,Male,oral,20,mg/kg,0.488719312,days,112.0179979,mg/L,0
7410147,Huang,PFOS,rat,Male,oral,20,mg/kg,0.973831202,days,104.7970118,mg/L,0
7410147,Huang,PFOS,rat,Male,oral,20,mg/kg,7.842125374,days,78.51397588,mg/L,0
7410147,Huang,PFOS,rat,Male,oral,20,mg/kg,21.48096279,days,40.32347044,mg/L,0
7410147,Huang,PFOS,rat,Male,oral,20,mg/kg,35.86761465,days,33.01727161,mg/L,0
7410147,Huang,PFOS,rat,Male,oral,20,mg/kg,48.44185098,days,28.26292243,mg/L,0
7410147,Huang,PFOS,rat,Male,oral,20,mg/kg,70.21811008,days,12.70428376,mg/L,0
7410147,Huang,PFOS,rat,Male,oral,20,mg/kg,96.52613426,days,8.517590271,mg/L,0
7410147,Huang,PFOS,rat,Male,oral,20,mg/kg,135.0573531,days,3.662328187,mg/L,0
7410147,Huang,PFOS,rat,Female,IV,2,mg/kg,0.003242262,days,5.658502358,mg/L,0
7410147,Huang,PFOS,rat,Female,IV,2,mg/kg,0.039774573,days,5.019648616,mg/L,0
7410147,Huang,PFOS,rat,Female,IV,2,mg/kg,0.249143582,days,4.774969218,mg/L,0
7410147,Huang,PFOS,rat,Female,IV,2,mg/kg,0.496881086,days,5.103124859,mg/L,0
7410147,Huang,PFOS,rat,Female,IV,2,mg/kg,0.990957952,days,4.445145931,mg/L,0
7410147,Huang,PFOS,rat,Female,IV,2,mg/kg,8.0048474,days,4.523931756,mg/L,0
7410147,Huang,PFOS,rat,Female,IV,2,mg/kg,22.95867105,days,3.066365749,mg/L,0
7410147,Huang,PFOS,rat,Female,IV,2,mg/kg,37.494235,days,1.816037172,mg/L,0
7410147,Huang,PFOS,rat,Female,IV,2,mg/kg,49.23882632,days,1.89919523,mg/L,0
7410147,Huang,PFOS,rat,Female,IV,2,mg/kg,73.4307074,days,1.027292286,mg/L,0
7410147,Huang,PFOS,rat,Female,IV,2,mg/kg,100,days,0.29417108,mg/L,0
7410147,Huang,PFOS,rat,Female,IV,2,mg/kg,141.2216823,days,0.129708069,mg/L,0
7410147,Huang,PFOS,rat,Female,oral,2,mg/kg,0.003242262,days,0.101389032,mg/L,0
7410147,Huang,PFOS,rat,Female,oral,2,mg/kg,0.040503735,days,3.259521518,mg/L,0
7410147,Huang,PFOS,rat,Female,oral,2,mg/kg,0.240253991,days,6.869169641,mg/L,0
7410147,Huang,PFOS,rat,Female,oral,2,mg/kg,0.496881086,days,7.014457517,mg/L,0
7410147,Huang,PFOS,rat,Female,oral,2,mg/kg,0.973118391,days,8.398878078,mg/L,0
7410147,Huang,PFOS,rat,Female,oral,2,mg/kg,8.151595175,days,4.734056346,mg/L,0
7410147,Huang,PFOS,rat,Female,oral,2,mg/kg,21.74092944,days,5.79426212,mg/L,0
7410147,Huang,PFOS,rat,Female,oral,2,mg/kg,36.81925109,days,3.205196977,mg/L,0
7410147,Huang,PFOS,rat,Female,oral,2,mg/kg,51.06070243,days,3.428543228,mg/L,0
7410147,Huang,PFOS,rat,Female,oral,2,mg/kg,73.4307074,days,1.813028175,mg/L,0
7410147,Huang,PFOS,rat,Female,oral,2,mg/kg,96.43194075,days,1.476715382,mg/L,0
7410147,Huang,PFOS,rat,Female,oral,2,mg/kg,133.7312,days,0.636524114,mg/L,0
7410147,Huang,PFOS,rat,Female,oral,20,mg/kg,0.003242262,days,0.918814451,mg/L,0
7410147,Huang,PFOS,rat,Female,oral,20,mg/kg,0.041246264,days,57.08939503,mg/L,0
7410147,Huang,PFOS,rat,Female,oral,20,mg/kg,0.249143582,days,125.8992688,mg/L,0
7410147,Huang,PFOS,rat,Female,oral,20,mg/kg,0.487936065,days,147.3608013,mg/L,0
7410147,Huang,PFOS,rat,Female,oral,20,mg/kg,0.973118391,days,125.4767849,mg/L,0
7410147,Huang,PFOS,rat,Female,oral,20,mg/kg,8.0048474,days,82.92279646,mg/L,0
7410147,Huang,PFOS,rat,Female,oral,20,mg/kg,22.95867105,days,79.0329451,mg/L,0
7410147,Huang,PFOS,rat,Female,oral,20,mg/kg,36.81925109,days,43.7243282,mg/L,0
7410147,Huang,PFOS,rat,Female,oral,20,mg/kg,51.06070243,days,38.99695363,mg/L,0
7410147,Huang,PFOS,rat,Female,oral,20,mg/kg,73.4307074,days,21.09570418,mg/L,0
7410147,Huang,PFOS,rat,Female,oral,20,mg/kg,105.6011479,days,10.42038313,mg/L,0
7410147,Huang,PFOS,rat,Female,oral,20,mg/kg,136.182809,days,7.576232468,mg/L,0
3749289,Kim,PFOS,rat,Male,IV,2,mg/kg,0.25,days,5.17895767,mg/L,0
3749289,Kim,PFOS,rat,Male,IV,2,mg/kg,0.75,days,4.870626777,mg/L,0
3749289,Kim,PFOS,rat,Male,IV,2,mg/kg,3,days,3.780669556,mg/L,0
3749289,Kim,PFOS,rat,Male,IV,2,mg/kg,7,days,3.774973108,mg/L,0
3749289,Kim,PFOS,rat,Male,IV,2,mg/kg,14.07816768,days,2.509891811,mg/L,0
3749289,Kim,PFOS,rat,Male,IV,2,mg/kg,20.99953681,days,2.409317177,mg/L,0
3749289,Kim,PFOS,rat,Male,IV,2,mg/kg,28.10969669,days,2.125968087,mg/L,0
3749289,Kim,PFOS,rat,Male,IV,2,mg/kg,35.22273156,days,2.00964506,mg/L,0
3749289,Kim,PFOS,rat,Male,IV,2,mg/kg,42.13547573,days,1.569129441,mg/L,0
3749289,Kim,PFOS,rat,Male,IV,2,mg/kg,49.24723283,days,1.438575188,mg/L,0
3749289,Kim,PFOS,rat,Male,IV,2,mg/kg,56.2657126,days,1.412935012,mg/L,0
3749289,Kim,PFOS,rat,Male,IV,2,mg/kg,63.27460908,days,1.103178085,mg/L,0
3749289,Kim,PFOS,rat,Male,IV,2,mg/kg,70.38860228,days,1.067025659,mg/L,0
3749289,Kim,PFOS,rat,Male,oral,2,mg/kg,0.01,days,0.319606339,mg/L,0
3749289,Kim,PFOS,rat,Male,oral,2,mg/kg,0.021,days,0.667752288,mg/L,0
3749289,Kim,PFOS,rat,Male,oral,2,mg/kg,0.0416,days,1.665476317,mg/L,0
3749289,Kim,PFOS,rat,Male,oral,2,mg/kg,0.0833,days,3.842513346,mg/L,0
3749289,Kim,PFOS,rat,Male,oral,2,mg/kg,0.166,days,5.754399373,mg/L,0
3749289,Kim,PFOS,rat,Male,oral,2,mg/kg,0.333,days,6.490941459,mg/L,0
3749289,Kim,PFOS,rat,Male,oral,2,mg/kg,0.5,days,6.820970227,mg/L,0
3749289,Kim,PFOS,rat,Male,oral,2,mg/kg,6.797557998,days,3.656595522,mg/L,0
3749289,Kim,PFOS,rat,Male,oral,2,mg/kg,13.88410954,days,2.715477157,mg/L,0
3749289,Kim,PFOS,rat,Male,oral,2,mg/kg,20.95559044,days,2.956441097,mg/L,0
3749289,Kim,PFOS,rat,Male,oral,2,mg/kg,27.76556777,days,2.459060596,mg/L,0
3749289,Kim,PFOS,rat,Male,oral,2,mg/kg,34.93724054,days,2.104151098,mg/L,0
3749289,Kim,PFOS,rat,Male,oral,2,mg/kg,41.83512995,days,1.878651198,mg/L,0
3749289,Kim,PFOS,rat,Male,oral,2,mg/kg,48.91330891,days,1.725532235,mg/L,0
3749289,Kim,PFOS,rat,Male,oral,2,mg/kg,55.81091924,days,1.551562344,mg/L,0
3749289,Kim,PFOS,rat,Male,oral,2,mg/kg,63.06994593,days,1.445439771,mg/L,0
3749289,Kim,PFOS,rat,Male,oral,2,mg/kg,70.05267748,days,1.497561324,mg/L,0
3749289,Kim,PFOS,rat,Female,IV,2,mg/kg,0.25,days,5.299378649,mg/L,0
3749289,Kim,PFOS,rat,Female,IV,2,mg/kg,0.75,days,4.83315476,mg/L,0
3749289,Kim,PFOS,rat,Female,IV,2,mg/kg,3,days,3.723268088,mg/L,0
3749289,Kim,PFOS,rat,Female,IV,2,mg/kg,7,days,3.214870672,mg/L,0
3749289,Kim,PFOS,rat,Female,IV,2,mg/kg,14.07816768,days,2.924819861,mg/L,0
3749289,Kim,PFOS,rat,Female,IV,2,mg/kg,20.99953681,days,2.390869097,mg/L,0
3749289,Kim,PFOS,rat,Female,IV,2,mg/kg,28.10969669,days,2.208776633,mg/L,0
3749289,Kim,PFOS,rat,Female,IV,2,mg/kg,35.22273156,days,1.964123147,mg/L,0
3749289,Kim,PFOS,rat,Female,IV,2,mg/kg,42.13547573,days,1.557171925,mg/L,0
3749289,Kim,PFOS,rat,Female,IV,2,mg/kg,49.24723283,days,1.529417962,mg/L,0
3749289,Kim,PFOS,rat,Female,IV,2,mg/kg,56.2657126,days,1.184937585,mg/L,0
3749289,Kim,PFOS,rat,Female,IV,2,mg/kg,63.27460908,days,1.237265049,mg/L,0
3749289,Kim,PFOS,rat,Female,IV,2,mg/kg,70.38860228,days,0.951423154,mg/L,0
3749289,Kim,PFOS,rat,Female,oral,2,mg/kg,0.021,days,0.352933033,mg/L,0
3749289,Kim,PFOS,rat,Female,oral,2,mg/kg,0.0416,days,0.727006781,mg/L,0
3749289,Kim,PFOS,rat,Female,oral,2,mg/kg,0.0833,days,1.725532235,mg/L,0
3749289,Kim,PFOS,rat,Female,oral,2,mg/kg,0.166,days,3.952965982,mg/L,0
3749289,Kim,PFOS,rat,Female,oral,2,mg/kg,0.333,days,5.713774242,mg/L,0
3749289,Kim,PFOS,rat,Female,oral,2,mg/kg,0.5,days,6.046979016,mg/L,0
3749289,Kim,PFOS,rat,Female,oral,2,mg/kg,0.603802547,days,7.06692967,mg/L,0
3749289,Kim,PFOS,rat,Female,oral,2,mg/kg,0.879260422,days,6.490941459,mg/L,0
3749289,Kim,PFOS,rat,Female,oral,2,mg/kg,6.789185418,days,4.522562896,mg/L,0
3749289,Kim,PFOS,rat,Female,oral,2,mg/kg,13.96560265,days,3.430714795,mg/L,0
3749289,Kim,PFOS,rat,Female,oral,2,mg/kg,20.96005582,days,2.639602078,mg/L,0
3749289,Kim,PFOS,rat,Female,oral,2,mg/kg,27.94334554,days,2.696306327,mg/L,0
3749289,Kim,PFOS,rat,Female,oral,2,mg/kg,34.83956044,days,2.511886432,mg/L,0
3749289,Kim,PFOS,rat,Female,oral,2,mg/kg,41.83540904,days,1.865388224,mg/L,0
3749289,Kim,PFOS,rat,Female,oral,2,mg/kg,49.00903541,days,1.518932454,mg/L,0
3749289,Kim,PFOS,rat,Female,oral,2,mg/kg,55.99567417,days,1.42510267,mg/L,0
3749289,Kim,PFOS,rat,Female,oral,2,mg/kg,62.98315018,days,1.308950059,mg/L,0
3749289,Kim,PFOS,rat,Female,oral,2,mg/kg,69.97341706,days,1.120032873,mg/L,0
